dtype,label,M,N,K,repeats,cublas_ms,cublas_tflops,direct_ms,direct_tflops,staged_ms,staged_tflops,direct_max_abs,staged_max_abs,dispatch,dispatch_ms,dispatch_vs_cublas,status
fp16,qwen35_decode_qkv,1,6144,1024,200,0.049843,0.252450,NA,NA,NA,NA,NA,NA,cublas,0.049843,1.000000,PASS
bf16,qwen35_decode_qkv,1,6144,1024,200,0.049520,0.254097,NA,NA,NA,NA,NA,NA,cublas,0.049520,1.000000,PASS
fp16,qwen35_prefill16_qkv,16,6144,1024,99,0.053993,3.728772,0.046246,4.353370,0.113446,1.774640,0.000000,0.000000,cublas,0.053993,1.000000,PASS
bf16,qwen35_prefill16_qkv,16,6144,1024,99,0.093318,2.157414,0.049990,4.027352,0.130989,1.536970,0.000000,0.000000,wmma_direct,0.049990,1.866750,PASS
fp16,qwen35_prefill64_qkv,64,6144,1024,24,0.073096,11.017106,0.156800,5.135882,0.267691,3.008347,0.000000,0.000000,cublas,0.073096,1.000000,PASS
bf16,qwen35_prefill64_qkv,64,6144,1024,24,0.072533,11.102569,0.157013,5.128904,0.277248,2.904643,0.000000,0.000000,cublas,0.072533,1.000000,PASS
fp16,qwen35_prefill256_qkv,256,6144,1024,10,0.158003,20.387090,0.634982,5.072937,0.901613,3.572737,0.000000,0.000000,cublas,0.158003,1.000000,PASS
bf16,qwen35_prefill256_qkv,256,6144,1024,10,0.157981,20.389981,0.575674,5.595576,0.841523,3.827851,0.000000,0.000000,cublas,0.157981,1.000000,PASS
fp16,qwen35_prefill16_out,16,1024,2048,200,0.022466,2.987119,0.043085,1.557600,0.179702,0.373446,0.000000,0.000000,cublas,0.022466,1.000000,PASS
bf16,qwen35_prefill16_out,16,1024,2048,200,0.020941,3.204694,0.042870,1.565413,0.146620,0.457706,0.000000,0.000000,cublas,0.020941,1.000000,PASS
fp16,qwen35_prefill64_out,64,1024,2048,74,0.021033,12.762536,0.047851,5.609791,0.218956,1.225978,0.000000,0.000000,cublas,0.021033,1.000000,PASS
bf16,qwen35_prefill64_out,64,1024,2048,74,0.020950,12.812851,0.049733,5.397512,0.186271,1.441101,0.000000,0.000000,cublas,0.020950,1.000000,PASS
fp16,qwen35_prefill16_gate_up,16,7168,1024,85,0.052585,4.466658,0.052294,4.491514,0.116638,2.013765,0.000000,0.000000,cublas,0.052585,1.000000,PASS
bf16,qwen35_prefill16_gate_up,16,7168,1024,85,0.090064,2.607940,0.052537,4.470755,0.124613,1.884885,0.000000,0.000000,wmma_direct,0.052537,1.714286,PASS
fp16,qwen35_prefill64_gate_up,64,7168,1024,21,0.081676,11.503036,0.189876,4.948098,0.270824,3.469137,0.000000,0.000000,cublas,0.081676,1.000000,PASS
bf16,qwen35_prefill64_gate_up,64,7168,1024,21,0.081042,11.593011,0.186563,5.035960,0.252830,3.716024,0.000000,0.000000,cublas,0.081042,1.000000,PASS
fp16,qwen35_prefill64_down,64,1024,3584,42,0.040350,11.642045,0.082018,5.727581,0.371688,1.263863,0.000000,0.000000,cublas,0.040350,1.000000,PASS
bf16,qwen35_prefill64_down,64,1024,3584,42,0.036791,12.768446,0.079872,5.881436,0.328022,1.432105,0.000000,0.000000,cublas,0.036791,1.000000,PASS
fp16,square256,256,256,256,200,0.005540,6.056932,0.006968,4.815283,0.019057,1.760774,0.000000,0.000000,cublas,0.005540,1.000000,PASS
bf16,square256,256,256,256,200,0.005565,6.029071,0.006948,4.829477,0.018627,1.801429,0.000000,0.000000,cublas,0.005565,1.000000,PASS
fp16,square512,512,512,512,74,0.022417,11.974479,0.044226,6.069667,0.064664,4.151221,0.000000,0.000000,cublas,0.022417,1.000000,PASS
bf16,square512,512,512,512,74,0.024078,11.148653,0.045789,5.862392,0.078959,3.399694,0.000000,0.000000,cublas,0.024078,1.000000,PASS
